Forecaster,avg_Brier,n
Machine,0.40190869272837954,1975
Turker,0.43297146397547265,39140
Volunteer,0.32157301475605593,7816
